,0
hold wowo,2
wowo dapat,2
dapat airdrop,2
airdrop makansianggratis,2
neng banget,2
banget liat,2
liat para,2
para siswa,2
siswa bisa,2
bisa makanbergizigratis,4
makanbergizigratis di,2
di sekolah,4
sekolah moga,2
moga nanti,2
nanti bisa,2
bisa jadi,2
jadi biasa,2
biasa baik,2
baik terus,2
makansianggratis anak,2
anak sekolah,2
sekolah dapat,2
dapat lengkuas,2
lengkuas dek,2
dek yang,2
yang sabar,2
sabar yaa,2
yaa moga,2
moga makan,2
makan siang,8
siang ikut,2
ikut sdh,2
sdh dapat,2
dapat daging,2
daging ayamsapi,2
makanbergizigratis nih,2
benar makan,2
siang tuh,2
tuh pasti,2
pasti ada,2
ada di,2
di kantor,2
kantor beda,2
beda ada,2
ada yang,4
yang gratis,2
gratis sama,2
sama bayar,2
bayar kata,2
kata di,2
di adorbs,2
adorbs makansianggratis,2
makansianggratis kaya,2
kaya program,2
program perintah,2
perintah yang,2
yang itu,2
itu syarat,2
syarat dapetnya,2
dapetnya harus,2
harus tahan,2
tahan sama,2
sama laku,2
laku directors,2
directors kalau,2
kalau lagi,2
lagi maksi,2
note gue,2
gue masih,2
masih ajar,2
ajar dan,2
dan enggak,2
enggak dapat,2
dapat makansianggratis,8
makansianggratis tapi,2
tapi dengan,2
dengan uang,2
uang 10,2
10 ribu,4
ribu yang,2
yang gue,2
gue punya,2
punya gue,2
gue bisa,2
bisa beli,2
beli makan,2
siang di,2
di kantin,2
kantin sekolah,2
sekolah yang,2
yang enak,2
enak porsi,2
porsi cukup,2
cukup enggak,2
enggak basi,2
basi dan,2
dan pasti,2
pasti enggak,2
enggak bikin,2
bikin racun,2
kata gue,2
gue buat,2
buat lo,2
lo upper,2
upper class,2
class yang,2
yang bahkan,2
bahkan anak,2
anak lo,2
lo enggak,2
enggak kena,2
kena program,2
program makansianggratis,4
makansianggratis lo,2
lo diem,2
diem enggak,2
enggak usah,2
usah banyak,2
banyak bacot,2
bacot ya,2
ya allah,2
allah im,2
im so,2
so doomed,2
doomed living,2
living in,2
in this,2
this country,2
murahdulu nasi,2
nasi kotaksekarang,2
kotaksekarang mbg,2
hasil kaji,2
kaji tim,2
tim hore,2
hore prabowo,2
prabowo terimakasih,2
terimakasih pak,2
pak prabowo,2
prabowo kami,2
kami jadi,2
jadi kuat,2
kuat dan,2
dan pintar,2
pintar berkat,2
berkat makansianggratis,2
makansianggratis coba,2
coba kalau,2
kalau enggak,2
enggak ada,2
ada makansianggratis,4
makansianggratis beban,2
beban anak2,2
anak2 sekolah,2
sekolah ini,2
ini makin,2
makin berat,2
makan buat,2
buat para,2
para tahan,2
tahan jepang,2
jepang jauh,2
jauh lebih,2
lebih layak,2
layak dan,2
dan gizi,4
gizi daripada,2
daripada mbg,2
kami juga,2
juga pas,2
pas jaga,2
jaga angkat,2
angkat azka,2
azka dapat,2
dapat nasi,2
nasi box,6
box tapi,2
tapi nasi,2
box kami,2
kami tidak,2
tidak pernah,4
pernah potong,2
potong anggar,4
anggar di,2
di bawah,2
bawah 10k,2
10k per,2
per personil,2
personil tidak,2
pernah kasih,2
kasih bekas,2
bekas anggota,2
anggota lain,2
lain tidak,2
tidak pakai,2
pakai wadah,2
wadah yang,2
yang kurang,4
kurang bersih,2
bersih sementara,2
sementara yang,2
yang para,2
para ajar,2
ajar dapat,2
dapat untuk,2
untuk mbg,2
mbg ada,2
yang tidak,2
tidak higenis,2
selamat nikmat,2
nikmat malam,2
malam minggu,2
minggu tweehearts,2
tweehearts moga,2
moga puisi,2
puisi sapardi,2
sapardi djoko,2
djoko damono,2
damono ini,2
ini antar,2
antar ke,2
ke alam,2
alam mimpi,2
mimpi yang,2
yang indah,2
indah buah,2
buah makanbergizigratis,2
makanbergizigratis untuk,2
untuk jiwa,2
makansianggratis dengan,4
dengan formalitas,2
formalitas sortir,2
sortir fan,2
fan letter,2
letter nyammm,2
nyammm lejat,2
lejat dan,2
dan gunjing,2
box di,2
di samain,2
samain sama,2
sama mbg,2
mbg yang,2
yang harga,2
harga nya,2
nya paling,2
paling murah,2
murah saja,2
saja udah,2
udah ngga,2
ngga apple,2
apple to,2
to apple,2
aku mau,2
mau deh,2
deh dapat,2
dapat mbg,2
mbg kalau,2
kalau bisa,2
bisa punya,2
punya kuat,2
kuat sukuna,2
program ini,6
ini sangat,2
sangat penting,2
penting untuk,4
untuk jaga,2
jaga semangat,2
semangat dan,2
dan pikir,2
pikir yang,2
yang lebih,4
lebih fresh,2
fresh ini,2
ini lebih,6
lebih bagus,2
bagus dari,2
dari program,2
program mbg,16
siapa blng,2
blng psi,2
psi bungkam,2
bungkam lihat,2
lihat di,2
di x,2
x kader,2
kader psi,2
psi selalu,2
selalu posting,2
posting memujimuji,2
memujimuji bijak,2
bijak prabowo,2
prabowo seperti,2
seperti makanbergizigratis,2
makanbergizigratis yang,2
yang buat,2
buat kenyang,2
kenyang slrh,2
slrh ajar,2
ajar di,2
di indonesia,2
indonesia dan,2
dan sebar,2
sebar hasil,2
hasil survei,2
survei perintah,2
perintah prabowo,2
prabowo yang,2
yang baru,2
baru jalan,2
jalan 3,2
3 bulan,2
bulan tp,2
tp sdh,2
sdh mampu,2
mampu makmur,2
makmur rkyt,2
rencana budget,2
budget mbg,2
mbg itu,2
itu 420t,2
420t ambilmotong,2
ambilmotong budget,2
budget dari,2
dari mana,2
mana aja,2
aja jika,2
jika minggu,2
minggu abis,2
abis 8t,2
8t waste,2
waste foodnya,2
foodnya saja,2
saja bisa,2
bisa 2t,2
2t makan,2
makan terbuangndak,2
terbuangndak makan,2
makan udah,2
udah nutup,2
nutup buat,2
buat tukin,2
tukin tuh,2
udah dpt,2
dpt makansianggratis,2
makansianggratis lom,2
lom hari,2
hari ini,4
woi prabowo,2
prabowo mutual,2
mutual gua,2
gua perlu,2
perlu makansianggratis,2
makansianggratis juga,4
arti bijak,2
bijak perintah,2
perintah miss,2
miss malah,2
malah ngasih,2
ngasih makansianggratis,2
makansianggratis baik,2
baik buat,2
buat bijak,2
bijak agar,2
agar orang,2
orang tua,2
tua dari,2
dari para,2
para murid,2
murid bisa,2
bisa ngasih,2
ngasih makan,2
makan anak,2
kepala bgn,2
bgn pasti,2
pasti anggar,2
anggar mbg,2
mbg full,2
full dari,2
dari apbn,2
apbn dana,2
dana csr,2
csr buat,2
buat infrastruktur,2
infrastruktur mitra,2
mitra mantap,2
mantap lah,2
lah insyaallah,2
insyaallah selalu,2
selalu ada,2
ada saja,2
saja jalan,2
jalan untuk,2
untuk baik,2
baik allah,2
allah suka,2
suka halhal,2
halhal baik,2
buat bikin,4
bikin sekolah,2
sekolah garuda,2
garuda sama,2
sama makan,4
siang gratis,2
ril mbg,2
gua yakin,2
yakin ini,2
ini mbg,2
mbg buat,2
bikin rusuh,2
rusuh di,2
di kulit,2
kulit buat,2
buat bias,2
bias hal,2
hal yang,2
lebih penting,2
nyata enggak,2
enggak kaleng,2
kaleng isi,2
isi nasi,2
nasi putih,2
putih potong,2
potong ayam,2
ayam bakar,2
bakar sambal,2
sambal kriuk,2
kriuk selada,2
selada timun,2
timun daun,2
daun kol,2
kol juga,2
juga masih,2
masih beri,2
beri gelas,2
gelas air,2
air mineral,2
mineral cuma,2
cuma 11655,2
11655 rupiah,2
rupiah udah,2
udah anter,2
anter pula,2
pula lebih,2
lebih enak,4
enak dari,2
dari menu,2
menu makanbergizigratis,4
makanbergizigratis deh,2
deh makasih,2
makasih gojek,2
gojek cc,2
cc presiden,2
skip dulu,2
dulu deh,2
deh mas,2
mas nggak,2
nggak bisa,2
bisa nyanyi,2
nyanyi soal,2
soal tapi,2
tapi kalau,2
kalau butuh,2
butuh plus,2
plus one,2
one kabarin,2
kabarin ya,2
ya lumayan,2
lumayan makansianggratis,2
benar di,2
di kondisi,2
kondisi ideal,4
ideal makansianggratis,2
makansianggratis ini,2
ini gerakin,2
gerakin ekonomi,2
ekonomi makro,2
makro cara,2
cara signifikan,2
signifikan belanja,2
belanja negara,2
negara endingnya,2
endingnya ke,2
ke dagang,2
dagang tani,2
tani ternak,2
ternak nelayan,2
nelayan lokal,2
lokal bisa,2
bisa jual,2
jual barang,2
barang niat,2
niat utk,2
utk cipta,2
cipta demand,2
demand lokal,2
lokal utk,2
utk butuh,2
butuh pokok,2
pokok tapi,2
tapi balik,2
balik lagi,2
lagi jika,2
jika dalam,2
dalam kondisi,2
gua gaji,2
gaji minggu,2
minggu 100ribu,2
100ribu pkl,2
pkl di,2
di walikota,2
walikota dapet,2
dapet makansianggratis,2
moga gizi,2
gizi anakanak,2
anakanak makin,2
makin penuh,2
penuh dengan,2
dengan ada,2
ada mbg,2
mbg jangan,2
jangan hanya,2
hanya untuk,2
untuk penuh,2
penuh janji,2
janji kampanye,2
kampanye tetapi,2
tetapi harus,2
harus dengan,2
dengan kaji,2
kaji yang,2
yang komprehensif,2
komprehensif bila,2
bila laksana,2
laksana tidak,2
tidak cermat,2
cermat bisa,2
bisa saja,2
saja timbul,2
timbul masalah,2
masalah baru,2
baru kait,2
kait guna,2
guna anggar,2
anggar distribusi,2
distribusi maupun,2
maupun substansi,2
substansi menu,2
menu makan,4
makan yang,4
yang beragambergizi,2
beragambergizi seimbangaman,2
seimbangaman dan,2
dan halal,2
semua krn,2
krn demi,2
demi mbg,2
mbg tumbuh,2
tumbuh ekonomi,2
ekonomi hasim,2
hasim pede,2
pede ekonomi,2
ekonomi tumbuh,2
tumbuh 9,2
9 persen,2
persen berkat,2
berkat makanbergizigratis,2
makanbergizigratis mbgdorongekonomi,2
efisiensi apbd,2
apbd yang,2
yang cut,2
cut layan,2
layan transportasi,2
transportasi publik,2
publik okaaayy,2
okaaayy 58,2
58 i,2
i hope,2
hope yall,2
yall satisfied,2
satisfied with,2
with this,2
this yang,2
yang penting,4
penting dapat,2
makansianggratis ygy,2
makansianggratis bukan,2
jadi inget,2
inget pas,2
pas pertama,2
pertama kali,2
kali jd,2
jd intern,2
intern gaji,2
gaji gue,2
gue berupaa,2
berupaa makansianggratis,2
sori eonnie2,2
eonnie2 klw,2
klw mngecewakan,2
mngecewakan but,2
but u,2
u guys,2
guys hv,2
hv 2,2
2 kno,2
kno ingfo,2
ingfo pntink,2
pntink yang,2
yang kmi,2
kmi konsumsi,2
konsumsi hnylh,2
hnylh makansianggratis,2
makansianggratis program,2
program entah,2
entah neks,2
neks taim,2
taim bleh,2
bleh tlg,2
tlg trf,2
trf 100jt,2
100jt iyh,2
iyh per,2
per member,2
member utk,2
utk maknae2,2
maknae2 bokem,2
bokem enih,2
enih agar,2
agar kmi,2
kmi smakin,2
smakin kaya,2
kaya raya,2
raya n,2
n tetap,2
tetap lucu,2
lucu n,2
n imut,2
lihat program,2
mbg demi,2
demi makansianggratis,2
makansianggratis yang,2
yang gk,2
gk ada,2
ada jamin,2
jamin bakal,2
bakal makan,2
makan gratis,4
gratis lagi,2
lagi selain,2
selain itu,2
itu negara,2
negara habis,2
habis triliun,2
triliun dan,2
dan cu,2
cu bagi,2
bagi sektor,2
sektor lain,2
lain sehat,2
sehat dan,4
dan didik,4
didik anggap,2
anggap bagai,2
bagai prioritas,2
prioritas dukung,2
dukung amanat,2
amanat uud,2
uud 1945,2
1945 cerdas,2
cerdas hidup,2
hidup bangsa,2
real bang,2
bang gw,2
gw denger,2
denger ria,2
ria abang,2
abang yang,2
yang paling,2
paling kenceng,2
kenceng sambut,2
sambut air,2
air mata,2
mata abe,2
abe yang,2
yang banjir,2
banjir venue,2
venue salken,2
salken abang,2
abang kirakira,2
kirakira kalau,2
kalau panggil,2
panggil sama,2
sama prabowo,2
prabowo n,2
n mayted,2
mayted bakal,2
bakal dapet,2
dapet mbg,2
mbg juga,2
juga enggak,2
enggak ya,2
ya ken,2
ah program,2
program makanbergizigratis,22
makanbergizigratis mbg,4
mbg buah,2
buah inisiatif,2
inisiatif yang,2
yang harus,2
harus jadi,2
jadi solusi,2
solusi tapi,2
tapi lebih,2
lebih sering,2
sering jadi,2
jadi bahan,2
bahan debat,2
debat bagai,2
bagai buah,2
buah program,2
program yang,2
yang tuju,2
tuju mulia,2
mulia tentu,2
tentu siapa,2
siapa pun,2
pun ingin,2
ingin dukung,2
dukung jika,2
jika itu,2
itu benarbenar,2
benarbenar jalan,2
jalan dengan,2
dengan baik,2
baik hela,2
hela benang,2
benang jangan,2
jangan baper,2
juun mirip,2
mirip bgt,2
bgt mbg,2
mbg joy,2
lebih baik,4
baik uang,2
uang mbg,2
mbg alokasi,2
alokasi utk,2
utk tambah,2
tambah subsidi,2
subsidi bpjs,2
bpjs gas,2
gas melon,2
melon 3,2
3 kg,2
kg sembako,2
sembako murah,2
murah didik,2
didik gratis,2
gratis bangun,2
bangun jalan,2
jalan jembatan,2
jembatan lebih,2
lebih manfaat,2
info yang,2
yang dapat,2
dapat 1,2
1 tambah,2
tambah dana,2
dana 100t,2
100t mbg,2
mbg di,2
di dpt,2
dpt dari,2
dari potong,2
anggar kl,2
kl 2,2
2 3,2
3 giant,2
giant sea,2
sea wall,2
wall hanya,2
hanya bangun,2
bangun pada,2
pada titik,2
titik tentu,2
tentu hasil,2
hasil rob,2
rob sehingga,2
sehingga tdk,2
tdk ganggu,2
ganggu aktivitas,2
aktivitas nelayan,2
nelayan dan,2
dan giat,2
giat laut,2
laut lain,2
lain serta,2
serta abrasif,2
abrasif good,2
good luck,2
makanbergizigratis makan,2
makan gizi,2
gizi adalah,2
adalah hak,2
hak tiap,2
tiap orang,2
orang dan,2
dan dengan,2
dengan program,4
program makan,4
gratis ini,2
ini kita,2
kita bisa,2
bisa pasti,2
pasti semua,2
semua orang,2
orang dapat,2
dapat gizi,2
gizi yang,4
yang mereka,2
mereka butuh,2
butuh untuk,2
untuk hidup,2
hidup sehat,2
sehat penuhigiziindonesia,2
penuhigiziindonesia indonesiaemas,4
indonesiaemas astacita,4
astacita indonesiamaju,4
indonesiamaju gizibaik,4
gizibaik makananbergizi,4
investasi masa,2
masa depan,2
depan makanbergizigratis,2
makanbergizigratis hari,2
ini makan,2
makan sehat,4
sehat esok,2
esok jadi,2
jadi hebat,2
hebat ayo,2
ayo dukung,2
dukung generasi,2
generasi cerdas,2
cerdas aceh,2
aceh dengan,2
dengan gizi,2
gizi kualitas,2
kualitas penuhigiziindonesia,2
tanggap soal,2
soal makansianggratis,4
arghhh ada,2
cuma harap,2
harap menu,2
makanbergizigratis standard,2
standard minimal,2
minimal seperti,2
seperti masakan,2
masakan njenengan,2
njenengan begini,2
begini ikhlas,2
ikhlas aku,2
aku potong,2
potong pajak,2
pajak amin,2
modal besar,2
besar di,2
di balik,2
balik makanbergizigratis,2
makansianggratis adalah,2
adalah nomer,2
nomer satu,2
makanbergizigratis indonesia,2
indonesia tuju,2
tuju sedia,2
sedia makan,2
gizi untuk,2
untuk kelompok,2
kelompok rentan,2
rentan seperti,2
seperti anakanak,2
anakanak dengan,2
dengan ikut,2
ikut standar,2
standar gizi,2
yang tetap,2
tetap semangat,2
semangat untuk,2
untuk indonesia,2
indonesia sehat,2
jane program,2
mbg bagus,2
bagus lek,2
lek untuk,2
untuk untuk,2
untuk siswa2,2
siswa2 yang,2
kurang mampu,4
mampu yo,2
yo mosok,2
mosok kelas,2
kelas tra,2
tra kro,2
kro sinlui,2
sinlui diwei,2
diwei mbg,2
mbg yo,2
yo mending,2
mending njajan,2
njajan dewe,2
makanbergizigratis revolusioner,2
keren program,2
makanbergizigratis sudah,2
sudah jangkau,2
jangkau 31,2
31 provinsi,2
provinsi makanbergizigratis,2
kami lasekar,2
lasekar dari,2
dari puh,2
puh siap,2
siap kawal,2
kawal mbg,2
mbg huraaaaaaa,2
beneran bikin,2
bikin bahagia,2
bahagia liat,2
liat anakanak,2
anakanak di,2
sekolah bisa,2
makanbergizigratis moga,2
moga program,2
ini bisa,2
bisa dampak,4
dampak positif,2
positif buat,2
buat generasi,2
generasi datang,2
makanya lucu,2
lucu bgt,2
bgt bela,2
bela si,2
si istri,2
istri dengan,2
dengan produk,2
produk okky,2
okky jely,2
jely drinknya,2
drinknya pdhal,2
pdhal mbg,2
mbg bkn,2
bkn program,2
makan utk,2
utk anak2,4
anak2 lapar,2
lapar tp,2
tp program,2
program tingkat,2
tingkat gizi,2
gizi utk,2
anak2 demi,2
demi goals,2
goals generasi,2
generasi yang,2
yang sehat,2
sehat utk,2
utk indonesia,2
indonesia emas,2
emas 2045,2
2045 tp,2
tp dr,2
dr menu,2
menu saja,2
saja rata2,2
rata2 malah,2
malah prihatin,2
walaupun gw,2
gw kurang,2
kurang tuju,2
tuju mbg,2
mbg tp,2
tp dapat,2
dapat ibu,2
ibu ini,2
lebih masuk,2
masuk akal,2
akal drpada,2
drpada bapak,2
bapak yang,2
yang usul,2
usul zakat,2
zakat buat,2
buat mbg,2
betul mas,2
mas adi,2
adi komplain,2
komplain anaksoal,2
anaksoal menu,2
menu mbg,4
mbg untuk,2
untuk depan,2
depan mbg,2
mbg lebih,2
baik lebih,2
lebih mutu,2
mutu lebih,2
enak lebih,2
lebih sehat,2
sehat gizi,2
gizi bukan,2
bukan kritik,2
kritik komplain,2
komplain kurang,2
kurang mensyukuritdk,2
mensyukuritdk syukur,2
syukur dengan,2
mbg ingat,2
ingat puluh,2
puluh juta,2
juta rakyat,2
rakyat enggak,2
enggak duli,2
duli dengan,2
dengan rasa,2
rasa menu,2
makan mrk,2
mrk butuh,2
butuh makan,2
penting makan,2
mantap banget,6
banget program,4
makanbergizigratis dan,14
dan rumah,14
rumah emang,8
emang bikin,2
bikin sejahtera,2
sejahtera rakyat,2
rakyat tingkat,2
kalau mahasiswa,2
mahasiswa nggak,2
nggak dapat,2
makansianggratis aku,2
aku lebih,2
lebih pilih,2
pilih ini,2
ini sih,2
sih tiap,2
tiap hamil,2
hamil aura,2
aura cantikcantik,2
anabul ku,2
ku yang,2
yang hari,2
hari makan,2
makan lebih,2
lebih dr,2
dr 10k,2
10k ketawa,2
ketawa liat,2
liat program,2
mbg nice,2
nice woooo,2
woooo program,2
mbg dan,4
emang keren,2
keren banget,4
banget buat,2
buat ngentaskan,2
ngentaskan miskin,2
samasama semangat,2
semangat terus,2
terus dalam,2
dalam cepat,2
cepat entas,2
entas miskin,8
miskin lalu,2
lalu sinergi,2
sinergi yang,4
yang baik,2
baik antara,2
antara program,4
mbg amp,2
amp program,2
program per,2
before i,2
i sleep,2
sleep kook,2
kook bisa,2
bisa yaa,2
yaa anak,2
anak dari,2
dari dpr,2
dpr once,2
once again,2
again dpr,2
dpr ikut,2
ikut komen,2
komen mbg,2
mbg dengan,2
dengan statement,2
statement harus,2
harus syukur,2
syukur walaupun,2
walaupun enggak,2
enggak suka,2
suka sama,2
makan broo,2
broo wtf,2
wtf u,2
u can,2
can see,2
see the,2
the fckn,2
fckn meal,2
meal box,2
box dude,2
dude how,2
how tragically,2
tragically the,2
the food,2
food istheres,2
istheres nothing,2
nothing nutrition,2
nutrition on,2
on that,2
malem2 masih,2
masih pikir,2
pikir sm,2
sm korelasi,2
korelasi menu,2
mbg nasi,2
nasi kotak,2
kotak di,2
di lokasi,2
lokasi syuting,2
syuting dan,2
dan konsep,2
konsep syukur,2
syukur kenapa,2
kenapa standar,2
standar jadi,2
jadi harus,2
harus ngikutin,2
ngikutin anak,2
anak sm,2
sm bini,2
bini elu,2
elu sih,2
sih ini,2
ini kalau,2
kalau sampai,2
sampai enggak,2
enggak dipake,2
dipake jadi,2
jadi materi,2
materi di,2
di somasi,2
somasi minggu,2
minggu depan,2
depan sayang,2
sayang bgt,2
bgt sih,2
sih wkwk,2
mbg rumah,2
rumah mantap,2
mantap dan,2
dan bptaskin,2
bptaskin juga,2
juga keren,2
keren buat,2
buat entas,4
miskin sinergi,2
yang oke,4
oke abis,2
abis nih,2
dan program,4
program rumah,4
emang jd,4
jd solusi,2
solusi yang,2
oke buat,2
rumah bikin,2
bikin kita,2
kita makin,2
makin kembang,2
rumah beri,2
beri fasilitas,2
fasilitas yang,2
yang dukung,2
dukung tapi,2
tapi bptaskin,2
bptaskin jg,2
jg penting,2
untuk entas,2
makansianggratis bisa,2
dampak besar,2
besar pada,2
pada kualitas,2
kualitas hidup,2
hidup dan,2
didik anakanak,2
anakanak kurang,2
mampu penting,2
penting asupan,2
asupan gizi,2
gizi cukup,2
cukup tak,2
tak bisa,2
bisa remeh,2
remeh implementasi,2
implementasi tepat,2
tepat perlu,2
perlu agar,2
agar manfaat,2
manfaat benarbenar,2
benarbenar capai,2
capai tuju,2
tuju jika,2
jika program,2
ini solusi,2
solusi jangka,2
jangka panjang,2
banget sinergi,2
sinergi antara,2
rumah serta,2
serta bptaskin,2
bptaskin pasti,2
pasti bakal,2
bakal bikin,2
bikin miskin,2
miskin ilang,2
ilang lebih,2
lebih cepet,2
rumah pasti,2
pasti bikin,2
bikin banyak,2
banyak orang,2
orang senang,2
bahkan 10,2
ribu ini,2
lebih nikmat,2
nikmat daripada,2
daripada makansianggratis,2
dengan anggar,2
anggar yang,2
yang sama,2
sama kata,2
rumah top,2
top markotop,2
markotop juga,2
juga mantap,2
mantap sinergi,2
sinergi bikin,2
bikin target,2
target program,2
program capai,2
capai cepet,2
cepet keren,2
jd pulling,2
pulling factors,2
factors yang,2
yang bikin,2
bikin masyarakat,2
masyarakat makin,2
makin maju,2
seru banget,2
banget awal,2
awal tahun,2
tahun udah,2
udah ribut,2
ribut soal,2
makansianggratis wkwkwkwk,2
wkwkwkwk kita,2
kita masih,2
masih bakal,2
bakal ngeliat,2
ngeliat lucu,2
lucu ini,2
ini sampe,2
sampe 2029,2
2029 letsgoooo,2
mu kandascinta,2
kandascinta kandas,2
kandas double,2
double gin,2
gin maksud,2
maksud apacokketimpa,2
apacokketimpa rezeki,2
rezeki 71,2
71 triliun,2
triliun tara,2
tara mbg,2
mbg kali,2
kali amin,2
di its,2
its pas,2
pas ramadhan,2
ramadhan puasa,2
puasa full,2
full bulan,2
bulan gausa,2
gausa ngluarin,2
ngluarin uang,2
uang peser,2
peser buat,2
buat makan,2
makan krna,2
krna di,2
di manarul,2
manarul sahurbuka,2
sahurbuka ikaits,2
ikaits buka,2
buka dpt,2
dpt mam,4
mam gratis,4
gratis enaq,2
enaq blm,2
blm lagi,2
lagi banyak,2
banyak yang,2
yang kasi,2
kasi takjil,2
takjil gratis,2
gratis trs,2
trs hunting,2
hunting ke,2
ke masjid,2
masjid di,2
di pakuwon,2
pakuwon dpt,2
gratis lgi,2
lgi makan,2
makan gakan,2
gakan kek,2
kek mbg,2
mbg prabowo,2
